{
  "bodyTypeName": "male",
  "url": "https://liberatedpixelcup.github.io/Universal-LPC-Spritesheet-Character-Generator/#?body=Body_color_pale_green&head=Zombie_pale_green&sex=male&expression=none_Neutral&hair=Side_Parted_w%2FBangs_platinum&clothes=none_Longsleeve&legs=Pants_black&shoes=Basic_Shoes_black&shield=none_Revised_Heater_Shield_Base&shield_pattern=none_revised_chief&shadow=none_Shadow&facial_eyes=none_Glasses&facial_left=none_Left_Monocle&facial_left_trim=none_Left_Monocle_Frame_Color&dress=none_Sash_dress&vest=none_Bodice&overalls=none_Overalls&apron=none_Overskirt&chainmail=none_Chainmail&cape=none_Solid&backpack=none_Backpack&backpack_straps=none_Straps&wings=Batlike_Lizard_Wings_pale_green&wound_eye_left=none_Left_Eye&wound_eye_right=Right_Eye_eye_right&wound_ribs=Ribs_ribs&horns=none_Backwards_Horns&weapon=Waraxe_waraxe&eyes=none_Cyclops_Eyes&wound_brain=none_Brain&wound_mouth=none_Mouth&wound_arm=none_Arm&tail=none_Lizard_Tail_%28Alt_Colors%29&bandages=none_Bandages&facial_right=none_Right_Monocle&eye_color=none_Eye_Color&updo=none_High_Bun",
  "spritesheets": "https://liberatedpixelcup.github.io/Universal-LPC-Spritesheet-Character-Generator/spritesheets/",
  "version": 1,
  "datetime": "28/04/2025, 19:30:51",
  "credits": [
    {
      "fileName": "body/bodies/male/pale_green.png",
      "licenses": "OGA-BY 3.0,CC-BY-SA 3.0,GPL 3.0",
      "authors": "bluecarrot16,JaidynReiman,Benjamin K. Smith (BenCreating),Evert,Eliza Wyatt (ElizaWy),TheraHedwig,MuffinElZangano,Durrani,Johannes Sjölund (wulax),Stephen Challener (Redshrike)",
      "urls": "https://opengameart.org/content/liberated-pixel-cup-lpc-base-assets-sprites-map-tiles,https://opengameart.org/content/lpc-medieval-fantasy-character-sprites,https://opengameart.org/content/lpc-male-jumping-animation-by-durrani,https://opengameart.org/content/lpc-runcycle-and-diagonal-walkcycle,https://opengameart.org/content/lpc-revised-character-basics,https://opengameart.org/content/lpc-be-seated,https://opengameart.org/content/lpc-runcycle-for-male-muscular-and-pregnant-character-bases-with-modular-heads,https://opengameart.org/content/lpc-jump-expanded,https://opengameart.org/content/lpc-character-bases",
      "notes": "see details at https://opengameart.org/content/lpc-character-bases; 'Thick' Male Revised Run/Climb by JaidynReiman (based on ElizaWy's LPC Revised)"
    },
    {
      "fileName": "body/wound/ribs.png",
      "licenses": "CC-BY-SA 3.0,GPL 3.0",
      "authors": "Benjamin K. Smith (BenCreating),Sander Frenken (castelonia)",
      "urls": "https://opengameart.org/content/lpc-zombie",
      "notes": ""
    },
    {
      "fileName": "body/wound/eye_right.png",
      "licenses": "CC-BY-SA 3.0,GPL 3.0",
      "authors": "Benjamin K. Smith (BenCreating),Sander Frenken (castelonia)",
      "urls": "https://opengameart.org/content/lpc-zombie",
      "notes": ""
    },
    {
      "fileName": "body/wings/bat/lizard/adult/fg/pale_green.png",
      "licenses": "OGA-BY 3.0",
      "authors": "ElizaWy,JaidynReiman",
      "urls": "https://opengameart.org/content/lpc-wings-new-animations",
      "notes": "Original by ElizaWy, added to most remaining frames by JaidynReiman"
    },
    {
      "fileName": "body/wings/bat/lizard/adult/bg/pale_green.png",
      "licenses": "OGA-BY 3.0",
      "authors": "ElizaWy,JaidynReiman",
      "urls": "https://opengameart.org/content/lpc-wings-new-animations",
      "notes": "Original by ElizaWy, added to most remaining frames by JaidynReiman"
    },
    {
      "fileName": "head/heads/zombie/adult/pale_green.png",
      "licenses": "CC-BY-SA 3.0,GPL 3.0",
      "authors": "bluecarrot16,Benjamin K. Smith (BenCreating),Sander Frenken (castelonia),Stephen Challener (Redshrike)",
      "urls": "https://opengameart.org/content/liberated-pixel-cup-lpc-base-assets-sprites-map-tiles,https://opengameart.org/content/lpc-zombie,https://opengameart.org/content/lpc-character-bases",
      "notes": ""
    },
    {
      "fileName": "hair/parted_side_bangs/adult/platinum.png",
      "licenses": "OGA-BY 3.0+,CC-BY 3.0+,CC-BY-SA 3.0,GPL 3.0",
      "authors": "JaidynReiman",
      "urls": "https://opengameart.org/content/lpc-1-hairstyle-2-hair-extensions-3-previously-unofficially-released-hairstyles,https://github.com/jrconway3/Universal-LPC-spritesheet/commit/46ddcf05a0e43e7aa6ffd47d350eef0eb529ac24",
      "notes": ""
    },
    {
      "fileName": "legs/pants/male/black.png",
      "licenses": "OGA-BY 3.0,GPL 3.0,CC-BY-SA 3.0",
      "authors": "bluecarrot16,JaidynReiman,ElizaWy,Matthew Krohn (makrohn),Johannes Sjölund (wulax),Stephen Challener (Redshrike)",
      "urls": "https://opengameart.org/content/liberated-pixel-cup-lpc-base-assets-sprites-map-tiles,https://opengameart.org/content/lpc-medieval-fantasy-character-sprites,https://opengameart.org/content/lpc-expanded-pants",
      "notes": "original male pants by wulax, recolors and edits to v3 base by bluecarrot16, climb/jump/run/sit/emotes/revised combat by JaidynReiman based on ElizaWy's LPC Revised"
    },
    {
      "fileName": "feet/shoes/basic/male/black.png",
      "licenses": "OGA-BY 3.0,CC-BY-SA 3.0,GPL 3.0",
      "authors": "JaidynReiman,bluecarrot16,Johannes Sjölund (wulax)",
      "urls": "https://opengameart.org/content/lpc-medieval-fantasy-character-sprites,http://opengameart.org/content/lpc-clothing-updates,https://opengameart.org/content/lpc-expanded-socks-shoes",
      "notes": "original by wulax, edited for v3 base by bluecarrot16, Jump/Sit/Emote/Run/Revised Combat by JaidynReiman"
    },
    {
      "fileName": "weapon/blunt/waraxe/behind/waraxe.png",
      "licenses": "CC-BY-SA 3.0,GPL 3.0",
      "authors": "Benjamin K. Smith (BenCreating),bluecarrot16,Sander Frenken (castelonia)",
      "urls": "https://opengameart.org/content/lpc-medieval-weapons",
      "notes": ""
    },
    {
      "fileName": "weapon/blunt/waraxe/waraxe.png",
      "licenses": "CC-BY-SA 3.0,GPL 3.0",
      "authors": "Benjamin K. Smith (BenCreating),bluecarrot16,Sander Frenken (castelonia)",
      "urls": "https://opengameart.org/content/lpc-medieval-weapons",
      "notes": ""
    },
    {
      "fileName": "weapon/blunt/waraxe/attack_slash/behind/waraxe.png",
      "licenses": "CC-BY-SA 3.0,GPL 3.0",
      "authors": "Benjamin K. Smith (BenCreating),bluecarrot16,Sander Frenken (castelonia)",
      "urls": "https://opengameart.org/content/lpc-medieval-weapons",
      "notes": ""
    },
    {
      "fileName": "weapon/blunt/waraxe/attack_slash/waraxe.png",
      "licenses": "CC-BY-SA 3.0,GPL 3.0",
      "authors": "Benjamin K. Smith (BenCreating),bluecarrot16,Sander Frenken (castelonia)",
      "urls": "https://opengameart.org/content/lpc-medieval-weapons",
      "notes": ""
    }
  ],
  "layers": [
    {
      "fileName": "body/wings/bat/lizard/adult/bg/pale_green.png",
      "zPos": 5,
      "parentName": "wings",
      "name": "Batlike_Lizard_Wings",
      "variant": "pale_green",
      "supportedAnimations": "spellcast,thrust,walk,slash,shoot,hurt,watering,idle,jump,run,sit,emote,climb,combat,1h_slash,1h_backslash,1h_halfslash"
    },
    {
      "fileName": "weapon/blunt/waraxe/attack_slash/behind/waraxe.png",
      "zPos": 8,
      "custom_animation": "slash_oversize",
      "parentName": "weapon",
      "name": "Waraxe",
      "variant": "waraxe",
      "supportedAnimations": "spellcast,thrust,walk,slash,shoot,hurt,watering"
    },
    {
      "fileName": "weapon/blunt/waraxe/behind/waraxe.png",
      "zPos": 9,
      "parentName": "weapon",
      "name": "Waraxe",
      "variant": "waraxe",
      "supportedAnimations": "spellcast,thrust,walk,slash,shoot,hurt,watering"
    },
    {
      "fileName": "body/bodies/male/pale_green.png",
      "zPos": 10,
      "parentName": "body",
      "name": "Body_color",
      "variant": "pale_green",
      "supportedAnimations": "spellcast,thrust,walk,slash,shoot,hurt,watering,idle,jump,run,sit,emote,climb,combat,1h_slash,1h_backslash,1h_halfslash"
    },
    {
      "fileName": "body/wound/ribs.png",
      "zPos": 15,
      "parentName": "wound_ribs",
      "name": "Ribs",
      "variant": "ribs",
      "supportedAnimations": "spellcast,thrust,walk,slash,shoot,hurt,watering"
    },
    {
      "fileName": "feet/shoes/basic/male/black.png",
      "zPos": 15,
      "parentName": "shoes",
      "name": "Basic_Shoes",
      "variant": "black",
      "supportedAnimations": "spellcast,thrust,walk,slash,shoot,hurt,watering,idle,jump,run,sit,emote,climb,combat,1h_slash,1h_backslash,1h_halfslash"
    },
    {
      "fileName": "legs/pants/male/black.png",
      "zPos": 20,
      "parentName": "legs",
      "name": "Pants",
      "variant": "black",
      "supportedAnimations": "spellcast,thrust,walk,slash,shoot,hurt,watering,idle,jump,run,sit,emote,climb,combat,1h_slash,1h_backslash,1h_halfslash"
    },
    {
      "fileName": "head/heads/zombie/adult/pale_green.png",
      "zPos": 100,
      "parentName": "head",
      "name": "Zombie",
      "variant": "pale_green",
      "supportedAnimations": "spellcast,thrust,walk,slash,shoot,hurt,watering,idle,jump,run,sit,emote,climb,combat,1h_slash,1h_backslash,1h_halfslash"
    },
    {
      "fileName": "body/wings/bat/lizard/adult/fg/pale_green.png",
      "zPos": 105,
      "parentName": "wings",
      "name": "Batlike_Lizard_Wings",
      "variant": "pale_green",
      "supportedAnimations": "spellcast,thrust,walk,slash,shoot,hurt,watering,idle,jump,run,sit,emote,climb,combat,1h_slash,1h_backslash,1h_halfslash"
    },
    {
      "fileName": "body/wound/eye_right.png",
      "zPos": 115,
      "parentName": "wound_eye_right",
      "name": "Right_Eye",
      "variant": "eye_right",
      "supportedAnimations": "spellcast,thrust,walk,slash,shoot,hurt,watering,idle,jump,run,sit,emote,climb,combat,1h_slash,1h_backslash,1h_halfslash"
    },
    {
      "fileName": "hair/parted_side_bangs/adult/platinum.png",
      "zPos": 120,
      "parentName": "hair",
      "name": "Side_Parted_w/Bangs",
      "variant": "platinum",
      "supportedAnimations": "spellcast,thrust,walk,slash,shoot,hurt,watering,idle,jump,run,sit,emote,climb,combat,1h_slash,1h_backslash,1h_halfslash"
    },
    {
      "fileName": "weapon/blunt/waraxe/waraxe.png",
      "zPos": 140,
      "parentName": "weapon",
      "name": "Waraxe",
      "variant": "waraxe",
      "supportedAnimations": "spellcast,thrust,walk,slash,shoot,hurt,watering"
    },
    {
      "fileName": "weapon/blunt/waraxe/attack_slash/waraxe.png",
      "zPos": 150,
      "custom_animation": "slash_oversize",
      "parentName": "weapon",
      "name": "Waraxe",
      "variant": "waraxe",
      "supportedAnimations": "spellcast,thrust,walk,slash,shoot,hurt,watering"
    }
  ]
}