{
  "bodyTypeName": "male",
  "url": "https://liberatedpixelcup.github.io/Universal-LPC-Spritesheet-Character-Generator/#?body=Body_color_green&head=Frankenstein_green&sex=male&expression=none_Neutral&hair=Twists_fade_purple&clothes=Sleeveless_2_Buttoned_purple&legs=Pants_black&shoes=Basic_Shoes_black&shield=none_Revised_Heater_Shield_Base&shield_pattern=none_revised_chief&shadow=none_Shadow&facial_eyes=none_Glasses&facial_left=none_Left_Monocle&facial_left_trim=none_Left_Monocle_Frame_Color&dress=none_Sash_dress&vest=none_Vest_open&overalls=none_Overalls&apron=none_Overskirt&chainmail=none_Chainmail&cape=none_Solid&backpack=none_Backpack&backpack_straps=none_Straps&wings=none_Batlike_Lizard_Wings&wound_eye_left=none_Left_Eye&wound_eye_right=none_Right_Eye&wound_ribs=none_Ribs&horns=none_Backwards_Horns&weapon=Dagger_dagger&eyes=none_Cyclops_Eyes&wound_brain=none_Brain&wound_mouth=none_Mouth&wound_arm=Arm_arm&tail=Lizard_tail_green&bandages=none_Bandages&facial_right=none_Right_Monocle&eye_color=Eye_Color_yellow&jacket=none_Santa_coat&jacket_collar=none_Frock_collar&armour=Plate_brass",
  "spritesheets": "https://liberatedpixelcup.github.io/Universal-LPC-Spritesheet-Character-Generator/spritesheets/",
  "version": 1,
  "datetime": "28/04/2025, 19:56:03",
  "credits": [
    {
      "fileName": "body/bodies/male/green.png",
      "licenses": "OGA-BY 3.0,CC-BY-SA 3.0,GPL 3.0",
      "authors": "bluecarrot16,JaidynReiman,Benjamin K. Smith (BenCreating),Evert,Eliza Wyatt (ElizaWy),TheraHedwig,MuffinElZangano,Durrani,Johannes Sjölund (wulax),Stephen Challener (Redshrike)",
      "urls": "https://opengameart.org/content/liberated-pixel-cup-lpc-base-assets-sprites-map-tiles,https://opengameart.org/content/lpc-medieval-fantasy-character-sprites,https://opengameart.org/content/lpc-male-jumping-animation-by-durrani,https://opengameart.org/content/lpc-runcycle-and-diagonal-walkcycle,https://opengameart.org/content/lpc-revised-character-basics,https://opengameart.org/content/lpc-be-seated,https://opengameart.org/content/lpc-runcycle-for-male-muscular-and-pregnant-character-bases-with-modular-heads,https://opengameart.org/content/lpc-jump-expanded,https://opengameart.org/content/lpc-character-bases",
      "notes": "see details at https://opengameart.org/content/lpc-character-bases; 'Thick' Male Revised Run/Climb by JaidynReiman (based on ElizaWy's LPC Revised)"
    },
    {
      "fileName": "body/wound/arm.png",
      "licenses": "CC-BY-SA 3.0,GPL 3.0",
      "authors": "Benjamin K. Smith (BenCreating),Sander Frenken (castelonia)",
      "urls": "https://opengameart.org/content/lpc-zombie",
      "notes": ""
    },
    {
      "fileName": "body/tail/lizard/adult/fg/green.png",
      "licenses": "OGA-BY 3.0,CC-BY-SA 3.0,GPL 3.0",
      "authors": "Nila122,bluecarrot16,JaidynReiman",
      "urls": "https://opengameart.org/content/drakes-and-lizardfolk",
      "notes": "edited for v3 bases and recolored by bluecarrot16, additional animations added by JaidynReiman"
    },
    {
      "fileName": "body/tail/lizard/adult/bg/green.png",
      "licenses": "OGA-BY 3.0,CC-BY-SA 3.0,GPL 3.0",
      "authors": "Nila122,bluecarrot16,JaidynReiman",
      "urls": "https://opengameart.org/content/drakes-and-lizardfolk",
      "notes": "edited for v3 bases and recolored by bluecarrot16, additional animations added by JaidynReiman"
    },
    {
      "fileName": "head/heads/frankenstein/adult/green.png",
      "licenses": "OGA-BY 3.0,CC-BY-SA 3.0,GPL 3.0",
      "authors": "Stephen Challener (Redshrike),bluecarrot16",
      "urls": "https://opengameart.org/content/liberated-pixel-cup-lpc-base-assets-sprites-map-tiles,https://opengameart.org/content/lpc-folk",
      "notes": "original head by Redshrike, frankenstein's monster version by bluecarrot16"
    },
    {
      "fileName": "eyes/human/adult/${expression}/yellow.png",
      "licenses": "OGA-BY 3.0,CC-BY-SA 3.0,GPL 3.0",
      "authors": "JaidynReiman,ElizaWy,Stephen Challener (Redshrike)",
      "urls": "https://opengameart.org/content/liberated-pixel-cup-lpc-base-assets-sprites-map-tiles,https://opengameart.org/content/lpc-medieval-fantasy-character-sprites",
      "notes": "original by Redshrike, Expressions by ElizaWy, eyes split from expressions and mapped to all frames by JaidynReiman"
    },
    {
      "fileName": "hair/twists_fade/adult/purple.png",
      "licenses": "CC0",
      "authors": "bluecarrot16",
      "urls": "https://opengameart.org/content/lpc-hair",
      "notes": ""
    },
    {
      "fileName": "torso/armour/plate/male/brass.png",
      "licenses": "OGA-BY 3.0,CC-BY-SA 3.0,GPL 3.0",
      "authors": "JaidynReiman, bluecarrot16, Michael Whitlock (bigbeargames), Johannes Sjölund (wulax)",
      "urls": "https://opengameart.org/content/lpc-medieval-fantasy-character-sprites,https://opengameart.org/content/lpc-combat-armor-for-women",
      "notes": "original by wulax, recolor by bigbeargames, color reduced to 7 colors and adapted to v3 bases by bluecarrot16, run/jump/sit/climb/revised combat by JaidynReiman"
    },
    {
      "fileName": "legs/pants/male/black.png",
      "licenses": "OGA-BY 3.0,GPL 3.0,CC-BY-SA 3.0",
      "authors": "bluecarrot16,JaidynReiman,ElizaWy,Matthew Krohn (makrohn),Johannes Sjölund (wulax),Stephen Challener (Redshrike)",
      "urls": "https://opengameart.org/content/liberated-pixel-cup-lpc-base-assets-sprites-map-tiles,https://opengameart.org/content/lpc-medieval-fantasy-character-sprites,https://opengameart.org/content/lpc-expanded-pants",
      "notes": "original male pants by wulax, recolors and edits to v3 base by bluecarrot16, climb/jump/run/sit/emotes/revised combat by JaidynReiman based on ElizaWy's LPC Revised"
    },
    {
      "fileName": "feet/shoes/basic/male/black.png",
      "licenses": "OGA-BY 3.0,CC-BY-SA 3.0,GPL 3.0",
      "authors": "JaidynReiman,bluecarrot16,Johannes Sjölund (wulax)",
      "urls": "https://opengameart.org/content/lpc-medieval-fantasy-character-sprites,http://opengameart.org/content/lpc-clothing-updates,https://opengameart.org/content/lpc-expanded-socks-shoes",
      "notes": "original by wulax, edited for v3 base by bluecarrot16, Jump/Sit/Emote/Run/Revised Combat by JaidynReiman"
    },
    {
      "fileName": "weapon/sword/dagger/dagger.png",
      "licenses": "OGA-BY 3.0,CC-BY-SA 3.0,GPL 3.0",
      "authors": "bluecarrot16,Johannes Sjölund (wulax),Matthew Krohn (makrohn)",
      "urls": "https://opengameart.org/content/lpc-medieval-fantasy-character-sprites,https://opengameart.org/content/lpc-extended-weapon-animations",
      "notes": ""
    },
    {
      "fileName": "weapon/sword/dagger/behind/dagger.png",
      "licenses": "OGA-BY 3.0,CC-BY-SA 3.0,GPL 3.0",
      "authors": "bluecarrot16,Johannes Sjölund (wulax),Matthew Krohn (makrohn)",
      "urls": "https://opengameart.org/content/lpc-medieval-fantasy-character-sprites,https://opengameart.org/content/lpc-extended-weapon-animations",
      "notes": ""
    }
  ],
  "layers": [
    {
      "fileName": "body/tail/lizard/adult/bg/green.png",
      "zPos": 5,
      "parentName": "tail",
      "name": "Lizard_tail",
      "variant": "green",
      "supportedAnimations": "spellcast,thrust,walk,slash,shoot,hurt,watering,idle,jump,run,sit,emote,climb,combat,1h_slash,1h_backslash,1h_halfslash"
    },
    {
      "fileName": "weapon/sword/dagger/behind/dagger.png",
      "zPos": 9,
      "parentName": "weapon",
      "name": "Dagger",
      "variant": "dagger",
      "supportedAnimations": "spellcast,thrust,walk,slash,shoot,hurt,watering"
    },
    {
      "fileName": "body/bodies/male/green.png",
      "zPos": 10,
      "parentName": "body",
      "name": "Body_color",
      "variant": "green",
      "supportedAnimations": "spellcast,thrust,walk,slash,shoot,hurt,watering,idle,jump,run,sit,emote,climb,combat,1h_slash,1h_backslash,1h_halfslash"
    },
    {
      "fileName": "body/wound/arm.png",
      "zPos": 15,
      "parentName": "wound_arm",
      "name": "Arm",
      "variant": "arm",
      "supportedAnimations": "spellcast,thrust,walk,slash,shoot,hurt,watering"
    },
    {
      "fileName": "feet/shoes/basic/male/black.png",
      "zPos": 15,
      "parentName": "shoes",
      "name": "Basic_Shoes",
      "variant": "black",
      "supportedAnimations": "spellcast,thrust,walk,slash,shoot,hurt,watering,idle,jump,run,sit,emote,climb,combat,1h_slash,1h_backslash,1h_halfslash"
    },
    {
      "fileName": "legs/pants/male/black.png",
      "zPos": 20,
      "parentName": "legs",
      "name": "Pants",
      "variant": "black",
      "supportedAnimations": "spellcast,thrust,walk,slash,shoot,hurt,watering,idle,jump,run,sit,emote,climb,combat,1h_slash,1h_backslash,1h_halfslash"
    },
    {
      "fileName": "torso/armour/plate/male/brass.png",
      "zPos": 60,
      "parentName": "armour",
      "name": "Plate",
      "variant": "brass",
      "supportedAnimations": "spellcast,thrust,walk,slash,shoot,hurt,watering,idle,jump,run,sit,emote,climb,combat,1h_slash,1h_backslash,1h_halfslash"
    },
    {
      "fileName": "body/tail/lizard/adult/fg/green.png",
      "zPos": 85,
      "parentName": "tail",
      "name": "Lizard_tail",
      "variant": "green",
      "supportedAnimations": "spellcast,thrust,walk,slash,shoot,hurt,watering,idle,jump,run,sit,emote,climb,combat,1h_slash,1h_backslash,1h_halfslash"
    },
    {
      "fileName": "head/heads/frankenstein/adult/green.png",
      "zPos": 100,
      "parentName": "head",
      "name": "Frankenstein",
      "variant": "green",
      "supportedAnimations": "spellcast,thrust,walk,slash,shoot,hurt,watering,idle,jump,run,sit,emote,climb,combat,1h_slash,1h_backslash,1h_halfslash"
    },
    {
      "fileName": "eyes/human/adult/undefined/yellow.png",
      "zPos": 105,
      "parentName": "eye_color",
      "name": "Eye_Color",
      "variant": "yellow",
      "supportedAnimations": "spellcast,thrust,walk,slash,shoot,hurt,watering,idle,jump,run,sit,emote,climb,combat,1h_slash,1h_backslash,1h_halfslash"
    },
    {
      "fileName": "hair/twists_fade/adult/purple.png",
      "zPos": 120,
      "parentName": "hair",
      "name": "Twists_fade",
      "variant": "purple",
      "supportedAnimations": "spellcast,thrust,walk,slash,shoot,hurt,watering,idle,jump,run,sit,emote,climb,combat,1h_slash,1h_backslash,1h_halfslash"
    },
    {
      "fileName": "weapon/sword/dagger/dagger.png",
      "zPos": 140,
      "parentName": "weapon",
      "name": "Dagger",
      "variant": "dagger",
      "supportedAnimations": "spellcast,thrust,walk,slash,shoot,hurt,watering"
    }
  ]
}