{
  "bodyTypeName": "female",
  "url": "https://liberatedpixelcup.github.io/Universal-LPC-Spritesheet-Character-Generator/#?body=Body_color_light&head=Human_female_light&sex=female&expression=Neutral_light&hair=Xlong_carrot&clothes=Shortsleeve_Polo_lavender&legs=none_Plain_skirt&shoes=Basic_Shoes_lavender&shield=none_Revised_Heater_Shield_Base&shield_pattern=none_revised_chief&shadow=none_Shadow&facial_eyes=none_Glasses&facial_left=Left_Monocle_copper&facial_left_trim=Left_Monocle_Frame_Color_brown&dress=none_Sash_dress&vest=none_Bodice&overalls=Overalls_slate&apron=none_Overskirt&chainmail=none_Chainmail&cape=none_Solid&backpack=none_Backpack&backpack_straps=none_Straps&wings=none_Batlike_Lizard_Wings&wound_eye_left=none_Left_Eye&wound_eye_right=none_Right_Eye&wound_ribs=none_Ribs&horns=none_Backwards_Horns&weapon=none_Arming_Sword&eyes=none_Cyclops_Eyes&wound_brain=none_Brain&wound_mouth=none_Mouth&wound_arm=none_Arm&tail=none_Lizard_Tail_%28Alt_Colors%29&bandages=none_Bandages&facial_right=none_Right_Monocle&eye_color=Eye_Color_blue",
  "spritesheets": "https://liberatedpixelcup.github.io/Universal-LPC-Spritesheet-Character-Generator/spritesheets/",
  "version": 1,
  "datetime": "28/04/2025, 10:48:32",
  "credits": [
    {
      "fileName": "body/bodies/female/light.png",
      "licenses": "OGA-BY 3.0,CC-BY-SA 3.0,GPL 3.0",
      "authors": "Benjamin K. Smith (BenCreating),bluecarrot16,TheraHedwig,Evert,MuffinElZangano,Durrani,Pierre Vigier (pvigier),ElizaWy,Matthew Krohn (makrohn),Johannes Sjölund (wulax),Stephen Challener (Redshrike)",
      "urls": "https://opengameart.org/content/liberated-pixel-cup-lpc-base-assets-sprites-map-tiles,https://opengameart.org/content/lpc-medieval-fantasy-character-sprites,https://opengameart.org/content/lpc-ladies,https://opengameart.org/content/lpc-7-womens-shirts,https://opengameart.org/content/lpc-jump-expanded,https://opengameart.org/content/lpc-be-seated,https://opengameart.org/content/lpc-revised-character-basics,https://gitlab.com/vagabondgame/lpc-characters,https://opengameart.org/content/lpc-male-jumping-animation-by-durrani,https://opengameart.org/content/lpc-runcycle-and-diagonal-walkcycle",
      "notes": "see details at https://opengameart.org/content/lpc-character-bases"
    },
    {
      "fileName": "head/heads/human/female/light.png",
      "licenses": "OGA-BY 3.0,CC-BY-SA 3.0,GPL 3.0",
      "authors": "bluecarrot16,Benjamin K. Smith (BenCreating),Stephen Challener (Redshrike)",
      "urls": "https://opengameart.org/content/,https://opengameart.org/content/lpc-character-bases",
      "notes": "original head by Redshrike, tweaks by BenCreating, modular version by bluecarrot16"
    },
    {
      "fileName": "head/faces/${head}/neutral/light.png",
      "licenses": "OGA-BY 3.0",
      "authors": "JaidynReiman,ElizaWy,Stephen Challener (Redshrike)",
      "urls": "https://github.com/ElizaWy/LPC/tree/main/Characters/Head,https://opengameart.org/content/ulpc-expanded-expressions",
      "notes": "Original by Redshrike, Expressions by ElizaWy, mapped to all frames by JaidynReiman"
    },
    {
      "fileName": "eyes/human/adult/${expression}/blue.png",
      "licenses": "OGA-BY 3.0,CC-BY-SA 3.0,GPL 3.0",
      "authors": "JaidynReiman,ElizaWy,Stephen Challener (Redshrike)",
      "urls": "https://opengameart.org/content/liberated-pixel-cup-lpc-base-assets-sprites-map-tiles,https://opengameart.org/content/lpc-medieval-fantasy-character-sprites",
      "notes": "original by Redshrike, Expressions by ElizaWy, eyes split from expressions and mapped to all frames by JaidynReiman"
    },
    {
      "fileName": "hair/xlong/adult/fg/carrot.png",
      "licenses": "OGA-BY 3.0,CC-BY-SA 3.0,GPL 2.0,GPL 3.0",
      "authors": "JaidynReiman,Nila122",
      "urls": "https://opengameart.org/content/lpc-clothes-and-hair,https://opengameart.org/content/lpc-expanded-xlong-hair",
      "notes": "Original by Nila122; cleaned up, resplit into separate layers, and added jump/run/sit/revised combat by JaidynReiman"
    },
    {
      "fileName": "hair/xlong/adult/bg/carrot.png",
      "licenses": "OGA-BY 3.0,CC-BY-SA 3.0,GPL 2.0,GPL 3.0",
      "authors": "JaidynReiman,Nila122",
      "urls": "https://opengameart.org/content/lpc-clothes-and-hair,https://opengameart.org/content/lpc-expanded-xlong-hair",
      "notes": "Original by Nila122; cleaned up, resplit into separate layers, and added jump/run/sit/revised combat by JaidynReiman"
    },
    {
      "fileName": "facial/monocle/left/adult/copper.png",
      "licenses": "CC-BY-SA 3.0,GPL 3.0",
      "authors": "bluecarrot16,Thane Brimhall (pennomi),laetissima",
      "urls": "https://opengameart.org/content/clothing-facial-features-and-ui-elements,https://opengameart.org/content/lpc-gentleman,https://opengameart.org/content/lpc-expanded-hats-facial-helmets",
      "notes": ""
    },
    {
      "fileName": "facial/monocle/left/frame/adult/brown.png",
      "licenses": "CC-BY-SA 3.0,GPL 3.0",
      "authors": "bluecarrot16,Thane Brimhall (pennomi),laetissima",
      "urls": "https://opengameart.org/content/clothing-facial-features-and-ui-elements,https://opengameart.org/content/lpc-gentleman,https://opengameart.org/content/lpc-expanded-hats-facial-helmets",
      "notes": ""
    },
    {
      "fileName": "torso/clothes/shortsleeve/shortsleeve_polo/female/lavender.png",
      "licenses": "OGA-BY 3.0",
      "authors": "ElizaWy,JaidynReiman,Stephen Challener (Redshrike),Johannes Sjölund (wulax)",
      "urls": "http://opengameart.org/content/lpc-revised-character-basics,https://github.com/ElizaWy/LPC/tree/main/Characters/Clothing,https://opengameart.org/content/lpc-expanded-sit-run-jump-more",
      "notes": "original by ElizaWy; spellcast/thrust/shoot/hurt adapted from original by JaidynReiman"
    },
    {
      "fileName": "torso/aprons/overalls/female/slate.png",
      "licenses": "OGA-BY 3.0,GPL 3.0",
      "authors": "ElizaWy,bluecarrot16,JaidynReiman",
      "urls": "https://opengameart.org/content/lpc-revised-character-basics,http://opengameart.org/content/lpc-clothing-updates",
      "notes": "original overalls by ElizaWy, extended to all animation frames, adapted from teen to male base, and edited for v3 bases by bluecarrot16; extended to combat animations by JaidynReiman"
    },
    {
      "fileName": "feet/shoes/basic/thin/lavender.png",
      "licenses": "OGA-BY 3.0,CC-BY-SA 3.0,GPL 3.0",
      "authors": "JaidynReiman,Joe White,Johannes Sjölund (wulax)",
      "urls": "https://opengameart.org/content/lpc-medieval-fantasy-character-sprites,http://opengameart.org/content/lpc-clothing-updates,https://opengameart.org/content/lpc-expanded-socks-shoes",
      "notes": "original by wulax, edited for female base by Joe White, edited for v3 base by bluecarrot16, Jump/Sit/Emote/Run/Revised Combat by JaidynReiman"
    }
  ],
  "layers": [
    {
      "fileName": "hair/xlong/adult/bg/carrot.png",
      "zPos": 9,
      "parentName": "hair",
      "name": "Xlong",
      "variant": "carrot",
      "supportedAnimations": "spellcast,thrust,walk,slash,shoot,hurt,watering,idle,jump,run,sit,emote,climb,combat,1h_slash,1h_backslash,1h_halfslash"
    },
    {
      "fileName": "body/bodies/female/light.png",
      "zPos": 10,
      "parentName": "body",
      "name": "Body_color",
      "variant": "light",
      "supportedAnimations": "spellcast,thrust,walk,slash,shoot,hurt,watering,idle,jump,run,sit,emote,climb,combat,1h_slash,1h_backslash,1h_halfslash"
    },
    {
      "fileName": "feet/shoes/basic/thin/lavender.png",
      "zPos": 15,
      "parentName": "shoes",
      "name": "Basic_Shoes",
      "variant": "lavender",
      "supportedAnimations": "spellcast,thrust,walk,slash,shoot,hurt,watering,idle,jump,run,sit,emote,climb,combat,1h_slash,1h_backslash,1h_halfslash"
    },
    {
      "fileName": "torso/clothes/shortsleeve/shortsleeve_polo/female/lavender.png",
      "zPos": 35,
      "parentName": "clothes",
      "name": "Shortsleeve_Polo",
      "variant": "lavender",
      "supportedAnimations": "spellcast,thrust,walk,slash,shoot,hurt,watering,idle,jump,run,sit,emote,climb,combat,1h_slash,1h_backslash,1h_halfslash"
    },
    {
      "fileName": "torso/aprons/overalls/female/slate.png",
      "zPos": 38,
      "parentName": "overalls",
      "name": "Overalls",
      "variant": "slate",
      "supportedAnimations": "spellcast,thrust,walk,slash,shoot,hurt,watering,idle,jump,run,sit,emote,climb,combat,1h_slash,1h_backslash,1h_halfslash"
    },
    {
      "fileName": "head/heads/human/female/light.png",
      "zPos": 100,
      "parentName": "head",
      "name": "Human_female",
      "variant": "light",
      "supportedAnimations": "spellcast,thrust,walk,slash,shoot,hurt,watering,idle,jump,run,sit,emote,climb,combat,1h_slash,1h_backslash,1h_halfslash"
    },
    {
      "fileName": "head/faces/female/neutral/light.png",
      "zPos": 101,
      "parentName": "expression",
      "name": "Neutral",
      "variant": "light",
      "supportedAnimations": "spellcast,thrust,walk,slash,shoot,hurt,watering,idle,jump,run,sit,emote,climb,combat,1h_slash,1h_backslash,1h_halfslash"
    },
    {
      "fileName": "eyes/human/adult/neutral/blue.png",
      "zPos": 105,
      "parentName": "eye_color",
      "name": "Eye_Color",
      "variant": "blue",
      "supportedAnimations": "spellcast,thrust,walk,slash,shoot,hurt,watering,idle,jump,run,sit,emote,climb,combat,1h_slash,1h_backslash,1h_halfslash"
    },
    {
      "fileName": "facial/monocle/left/adult/copper.png",
      "zPos": 115,
      "parentName": "facial_left",
      "name": "Left_Monocle",
      "variant": "copper",
      "supportedAnimations": "spellcast,thrust,walk,slash,shoot,hurt,watering,idle,jump,run,sit,emote,climb,combat,1h_slash,1h_backslash,1h_halfslash"
    },
    {
      "fileName": "facial/monocle/left/frame/adult/brown.png",
      "zPos": 115,
      "parentName": "facial_left_trim",
      "name": "Left_Monocle_Frame_Color",
      "variant": "brown",
      "supportedAnimations": "spellcast,thrust,walk,slash,shoot,hurt,watering,idle,jump,run,sit,emote,climb,combat,1h_slash,1h_backslash,1h_halfslash"
    },
    {
      "fileName": "hair/xlong/adult/fg/carrot.png",
      "zPos": 120,
      "parentName": "hair",
      "name": "Xlong",
      "variant": "carrot",
      "supportedAnimations": "spellcast,thrust,walk,slash,shoot,hurt,watering,idle,jump,run,sit,emote,climb,combat,1h_slash,1h_backslash,1h_halfslash"
    }
  ]
}